,time,val
0,500,1.0
1,1000,1.0
2,1500,0.9933482594155006
3,2000,0.9928537347769861
4,2500,0.9925050498208294
5,3500,0.9990274711943679
6,4000,0.9985319045038753
7,4500,0.9981212869500405
